track_id,track_name,artist,track_genre,popularity,danceability,energy,valence,mode,tempo
track_0001,Song 1,Artist F,Electronic,47,0.72,0.31,0.75,1,159.0
track_0002,Song 2,Artist A,Hip-Hop,7,0.49,0.93,0.65,0,88.03
track_0003,Song 3,Artist C,Classical,33,0.94,0.14,0.25,0,167.01
track_0004,Song 4,Artist E,Jazz,67,0.47,0.13,0.37,1,98.24
track_0005,Song 5,Artist C,Classical,89,0.57,0.89,0.44,1,96.72
track_0006,Song 6,Artist B,Classical,49,0.79,0.83,0.94,1,125.78
track_0007,Song 7,Artist F,Jazz,38,0.45,0.73,0.29,0,69.08
track_0008,Song 8,Artist B,Classical,56,0.85,0.79,0.7,1,81.28
track_0009,Song 9,Artist A,Electronic,40,0.63,0.6,0.76,1,141.21
track_0010,Song 10,Artist B,Hip-Hop,70,0.84,0.19,0.98,1,78.19
track_0011,Song 11,Artist C,Hip-Hop,80,0.55,0.46,0.71,1,122.04
track_0012,Song 12,Artist C,Classical,14,0.83,0.65,0.4,1,171.32
track_0013,Song 13,Artist F,Electronic,18,0.87,0.46,0.12,1,158.34
track_0014,Song 14,Artist A,Jazz,67,0.76,0.67,0.97,1,145.05
track_0015,Song 15,Artist D,Rock,10,0.2,0.64,0.34,0,110.81
track_0016,Song 16,Artist B,Jazz,71,0.34,0.14,0.17,1,109.9
track_0017,Song 17,Artist D,Jazz,97,0.5,0.18,0.86,0,84.13
track_0018,Song 18,Artist C,Jazz,65,0.46,0.51,0.14,1,176.16
track_0019,Song 19,Artist A,Pop,4,0.28,0.66,0.22,0,90.34
track_0020,Song 20,Artist F,Rock,40,0.3,0.59,0.51,0,77.44
track_0021,Song 21,Artist B,Hip-Hop,98,0.62,0.67,0.33,0,70.94
track_0022,Song 22,Artist F,Rock,23,0.46,0.25,0.24,0,77.5
track_0023,Song 23,Artist A,Classical,46,0.87,0.62,0.13,0,157.53
track_0024,Song 24,Artist C,Classical,69,0.68,0.83,0.38,1,89.99
track_0025,Song 25,Artist C,Rock,37,0.6,0.33,0.33,0,144.64
track_0026,Song 26,Artist E,Pop,18,0.55,0.18,0.16,0,166.7
track_0027,Song 27,Artist F,Classical,42,0.93,0.22,0.53,1,74.48
track_0028,Song 28,Artist F,Classical,87,0.73,0.24,0.66,0,141.28
track_0029,Song 29,Artist A,Classical,4,0.24,0.71,0.58,1,76.7
track_0030,Song 30,Artist B,Rock,58,0.61,0.67,0.86,1,69.23
track_0031,Song 31,Artist F,Classical,23,0.36,0.86,0.28,0,85.13
track_0032,Song 32,Artist B,Rock,100,0.23,0.25,0.89,0,112.81
track_0033,Song 33,Artist A,Classical,27,0.68,0.39,0.99,1,89.84
track_0034,Song 34,Artist B,Pop,8,0.71,0.38,0.25,1,81.82
track_0035,Song 35,Artist A,Electronic,43,0.52,0.66,0.41,1,97.13
track_0036,Song 36,Artist A,Classical,22,0.49,0.73,0.51,0,179.52
track_0037,Song 37,Artist C,Pop,96,0.95,0.66,0.2,1,165.31
track_0038,Song 38,Artist B,Pop,42,0.43,0.25,0.86,1,136.81
track_0039,Song 39,Artist D,Jazz,82,0.61,0.53,0.76,1,166.85
track_0040,Song 40,Artist E,Pop,100,0.64,0.83,0.72,1,98.36
track_0041,Song 41,Artist B,Rock,11,0.91,0.52,0.32,0,177.35
track_0042,Song 42,Artist F,Classical,94,0.58,0.9,0.79,0,178.41
track_0043,Song 43,Artist F,Electronic,59,0.79,0.45,0.38,1,150.99
track_0044,Song 44,Artist A,Pop,32,0.38,0.26,0.66,0,112.76
track_0045,Song 45,Artist C,Rock,15,0.75,0.14,0.33,1,87.98
track_0046,Song 46,Artist C,Hip-Hop,85,0.69,0.67,0.16,0,146.6
track_0047,Song 47,Artist D,Rock,68,0.42,0.29,0.15,0,154.09
track_0048,Song 48,Artist B,Rock,76,0.51,0.12,0.18,0,148.52
track_0049,Song 49,Artist B,Electronic,89,0.55,0.71,0.69,0,113.52
track_0050,Song 50,Artist E,Jazz,72,0.34,0.29,0.38,0,66.43
track_0051,Song 51,Artist F,Hip-Hop,42,0.91,0.95,0.42,1,104.91
track_0052,Song 52,Artist B,Electronic,75,0.38,0.92,0.18,1,159.47
track_0053,Song 53,Artist D,Hip-Hop,14,0.31,0.37,0.91,0,73.05
track_0054,Song 54,Artist B,Jazz,69,0.75,0.25,0.76,0,168.22
track_0055,Song 55,Artist A,Pop,72,0.32,0.28,0.22,1,137.91
track_0056,Song 56,Artist B,Electronic,57,0.39,0.79,0.9,0,114.76
track_0057,Song 57,Artist B,Electronic,42,0.49,0.39,0.14,0,154.5
track_0058,Song 58,Artist D,Electronic,34,0.25,0.63,0.71,0,80.37
track_0059,Song 59,Artist C,Electronic,34,0.66,0.24,0.61,1,171.27
track_0060,Song 60,Artist B,Classical,87,0.68,0.96,0.68,0,73.85
track_0061,Song 61,Artist F,Electronic,67,0.83,0.3,0.73,0,133.22
track_0062,Song 62,Artist D,Hip-Hop,16,0.42,0.35,0.44,0,100.21
track_0063,Song 63,Artist B,Jazz,97,0.56,0.27,0.85,1,155.06
track_0064,Song 64,Artist C,Pop,74,0.69,0.16,0.95,0,135.86
track_0065,Song 65,Artist E,Pop,45,0.21,0.91,0.87,1,84.14
track_0066,Song 66,Artist D,Rock,28,0.7,0.68,0.45,0,173.88
track_0067,Song 67,Artist D,Rock,20,0.76,0.84,0.64,0,151.78
track_0068,Song 68,Artist C,Hip-Hop,33,0.25,0.59,0.96,1,169.61
track_0069,Song 69,Artist F,Classical,41,0.46,0.29,0.18,1,156.83
track_0070,Song 70,Artist E,Hip-Hop,49,0.44,0.65,0.41,0,121.04
track_0071,Song 71,Artist F,Hip-Hop,43,0.5,0.42,0.19,0,62.89
track_0072,Song 72,Artist D,Pop,8,0.87,0.72,0.57,0,154.65
track_0073,Song 73,Artist F,Hip-Hop,11,0.25,0.62,0.78,0,115.21
track_0074,Song 74,Artist D,Hip-Hop,62,0.93,0.58,0.55,0,147.57
track_0075,Song 75,Artist D,Rock,34,0.48,0.72,0.32,1,175.5
track_0076,Song 76,Artist A,Jazz,49,0.55,0.25,0.88,0,158.4
track_0077,Song 77,Artist C,Jazz,66,0.8,0.17,0.21,1,116.71
track_0078,Song 78,Artist A,Classical,71,0.77,0.47,0.71,1,72.89
track_0079,Song 79,Artist C,Rock,39,0.65,0.92,0.13,0,167.32
track_0080,Song 80,Artist D,Electronic,45,0.47,0.14,0.17,1,115.48
track_0081,Song 81,Artist D,Classical,95,0.61,0.71,0.47,1,104.31
track_0082,Song 82,Artist C,Hip-Hop,81,0.49,0.37,0.22,1,72.69
track_0083,Song 83,Artist A,Rock,45,0.35,0.34,0.35,1,146.48
track_0084,Song 84,Artist F,Classical,43,0.34,0.86,0.44,1,98.83
track_0085,Song 85,Artist F,Pop,58,0.71,0.66,0.62,0,64.91
track_0086,Song 86,Artist C,Rock,17,0.75,0.72,0.17,1,113.76
track_0087,Song 87,Artist E,Electronic,28,0.62,0.7,0.94,1,164.69
track_0088,Song 88,Artist D,Jazz,99,0.37,0.51,0.57,1,65.93
track_0089,Song 89,Artist D,Hip-Hop,95,0.51,0.79,0.43,1,110.36
track_0090,Song 90,Artist F,Jazz,18,0.65,0.6,0.46,1,104.36
track_0091,Song 91,Artist A,Pop,59,0.58,0.18,0.53,0,159.35
track_0092,Song 92,Artist A,Classical,99,0.28,0.59,0.87,0,79.63
track_0093,Song 93,Artist D,Rock,56,0.73,0.78,0.84,1,105.76
track_0094,Song 94,Artist F,Classical,87,0.26,0.68,0.43,0,138.11
track_0095,Song 95,Artist E,Jazz,78,0.39,0.74,0.26,1,71.33
track_0096,Song 96,Artist C,Pop,58,0.91,0.94,0.77,1,171.08
track_0097,Song 97,Artist B,Pop,3,0.51,0.91,0.33,1,173.89
track_0098,Song 98,Artist A,Classical,64,0.94,0.85,0.52,1,108.51
track_0099,Song 99,Artist A,Electronic,74,0.92,0.48,0.33,0,119.85
track_0100,Song 100,Artist D,Pop,5,0.9,0.8,0.6,1,91.8
track_0101,Song 101,Artist E,Jazz,74,0.45,0.45,0.71,1,127.65
track_0102,Song 102,Artist F,Rock,73,0.74,0.76,0.61,1,144.5
track_0103,Song 103,Artist A,Electronic,63,0.36,0.59,0.41,0,162.28
track_0104,Song 104,Artist A,Hip-Hop,49,0.63,0.41,0.34,0,77.96
track_0105,Song 105,Artist E,Jazz,34,0.94,0.79,0.75,0,105.59
track_0106,Song 106,Artist B,Hip-Hop,95,0.37,0.6,0.58,1,178.89
track_0107,Song 107,Artist E,Hip-Hop,43,0.42,0.25,0.2,0,100.18
track_0108,Song 108,Artist D,Hip-Hop,4,0.64,0.84,0.38,1,163.37
track_0109,Song 109,Artist A,Hip-Hop,8,0.53,0.16,0.81,0,174.95
track_0110,Song 110,Artist F,Jazz,20,0.91,0.8,0.71,0,69.14
track_0111,Song 111,Artist B,Hip-Hop,59,0.5,0.6,0.92,1,155.81
track_0112,Song 112,Artist A,Rock,14,0.63,0.69,0.3,1,163.23
track_0113,Song 113,Artist E,Hip-Hop,10,0.23,0.69,0.3,1,120.34
track_0114,Song 114,Artist A,Hip-Hop,9,0.46,0.92,0.64,0,158.69
track_0115,Song 115,Artist B,Hip-Hop,58,0.91,0.33,0.49,1,148.69
track_0116,Song 116,Artist E,Jazz,69,0.45,0.67,0.32,0,163.64
track_0117,Song 117,Artist F,Electronic,15,0.65,0.43,0.45,1,80.85
track_0118,Song 118,Artist E,Classical,75,0.24,0.84,0.54,1,166.39
track_0119,Song 119,Artist D,Jazz,31,0.8,0.62,0.99,1,137.03
track_0120,Song 120,Artist B,Electronic,91,0.37,0.68,0.73,1,137.71
track_0121,Song 121,Artist D,Jazz,34,0.79,0.6,0.48,0,66.98
track_0122,Song 122,Artist C,Jazz,16,0.48,0.73,0.64,0,83.43
track_0123,Song 123,Artist B,Jazz,9,0.28,0.55,0.46,1,129.6
track_0124,Song 124,Artist A,Rock,23,0.65,0.12,0.94,0,112.86
track_0125,Song 125,Artist D,Electronic,65,0.89,0.22,0.23,1,163.52
track_0126,Song 126,Artist D,Rock,81,0.63,0.85,0.23,1,83.88
track_0127,Song 127,Artist F,Classical,24,0.44,0.72,0.4,1,91.82
track_0128,Song 128,Artist E,Electronic,46,0.27,0.18,0.74,1,103.57
track_0129,Song 129,Artist A,Jazz,88,0.9,0.71,0.34,0,71.1
track_0130,Song 130,Artist E,Rock,56,0.5,0.63,0.74,0,89.4
track_0131,Song 131,Artist B,Rock,59,0.28,0.13,0.63,0,93.67
track_0132,Song 132,Artist D,Pop,75,0.81,0.9,0.86,0,158.33
track_0133,Song 133,Artist D,Classical,96,0.87,0.5,0.23,0,171.01
track_0134,Song 134,Artist D,Electronic,12,0.43,1.0,0.44,1,64.58
track_0135,Song 135,Artist C,Pop,74,0.48,0.81,0.68,0,163.86
track_0136,Song 136,Artist B,Electronic,5,0.76,0.76,0.98,1,99.77
track_0137,Song 137,Artist F,Electronic,9,0.48,0.12,0.97,1,168.3
track_0138,Song 138,Artist F,Rock,10,0.44,0.14,0.21,1,176.45
track_0139,Song 139,Artist D,Rock,8,0.94,0.68,0.54,1,83.1
track_0140,Song 140,Artist B,Rock,41,0.81,0.12,0.12,0,99.58
track_0141,Song 141,Artist B,Hip-Hop,66,0.27,0.24,0.35,1,65.23
track_0142,Song 142,Artist E,Electronic,8,0.51,0.91,0.25,0,166.9
track_0143,Song 143,Artist B,Jazz,19,0.3,0.19,0.9,1,108.86
track_0144,Song 144,Artist B,Classical,48,0.84,0.77,0.43,1,100.82
track_0145,Song 145,Artist C,Pop,55,0.24,0.8,0.45,1,80.14
track_0146,Song 146,Artist F,Electronic,15,0.82,0.36,0.68,1,103.91
track_0147,Song 147,Artist C,Hip-Hop,47,0.48,0.84,0.75,0,82.14
track_0148,Song 148,Artist C,Electronic,38,0.84,0.55,0.42,0,112.06
track_0149,Song 149,Artist D,Electronic,67,0.44,0.83,0.65,1,159.17
track_0150,Song 150,Artist E,Rock,63,0.36,0.39,0.32,0,105.53
track_0151,Song 151,Artist F,Pop,64,0.51,0.9,0.22,0,177.77
track_0152,Song 152,Artist C,Electronic,91,0.25,0.17,0.21,1,80.81
track_0153,Song 153,Artist A,Electronic,76,0.86,0.34,0.37,0,119.71
track_0154,Song 154,Artist B,Rock,36,0.81,0.74,0.35,1,97.47
track_0155,Song 155,Artist A,Hip-Hop,74,0.42,0.91,0.4,1,90.59
track_0156,Song 156,Artist F,Pop,87,0.64,0.16,0.75,1,130.39
track_0157,Song 157,Artist C,Rock,0,0.31,0.81,0.45,0,168.63
track_0158,Song 158,Artist B,Rock,4,0.89,0.47,0.31,1,156.9
track_0159,Song 159,Artist C,Hip-Hop,81,0.85,0.18,0.23,1,162.79
track_0160,Song 160,Artist E,Jazz,15,0.27,0.1,0.17,0,87.33
track_0161,Song 161,Artist B,Pop,19,0.59,0.23,0.38,1,70.04
track_0162,Song 162,Artist D,Classical,50,0.85,0.22,0.4,0,154.07
track_0163,Song 163,Artist F,Classical,80,0.78,0.63,0.91,1,84.45
track_0164,Song 164,Artist F,Electronic,87,0.6,0.86,0.61,0,96.68
track_0165,Song 165,Artist B,Pop,16,0.88,0.52,0.29,0,100.71
track_0166,Song 166,Artist F,Rock,44,0.71,0.21,0.34,1,143.12
track_0167,Song 167,Artist A,Classical,11,0.66,0.31,0.56,0,174.27
track_0168,Song 168,Artist B,Rock,41,0.35,0.68,0.82,1,156.95
track_0169,Song 169,Artist A,Electronic,20,0.55,0.93,0.17,1,66.55
track_0170,Song 170,Artist B,Hip-Hop,59,0.88,0.15,0.4,1,141.58
track_0171,Song 171,Artist F,Electronic,41,0.34,0.36,0.64,0,135.86
track_0172,Song 172,Artist A,Rock,4,0.74,0.17,0.18,0,115.51
track_0173,Song 173,Artist D,Hip-Hop,90,0.85,0.65,0.77,1,117.1
track_0174,Song 174,Artist F,Electronic,55,0.83,0.9,0.62,1,74.6
track_0175,Song 175,Artist F,Classical,13,0.85,0.72,0.8,0,86.64
track_0176,Song 176,Artist D,Electronic,52,0.47,0.68,0.42,0,141.35
track_0177,Song 177,Artist F,Classical,21,0.24,0.88,0.98,1,128.98
track_0178,Song 178,Artist E,Electronic,65,0.48,0.85,0.75,0,63.65
track_0179,Song 179,Artist E,Rock,60,0.3,0.43,0.57,1,76.47
track_0180,Song 180,Artist F,Jazz,47,0.44,0.15,0.88,1,94.26
track_0181,Song 181,Artist E,Rock,94,0.35,0.61,0.73,0,93.87
track_0182,Song 182,Artist C,Electronic,43,0.6,0.17,0.84,0,175.02
track_0183,Song 183,Artist A,Rock,19,0.71,0.92,0.19,1,131.03
track_0184,Song 184,Artist A,Hip-Hop,75,0.31,0.55,0.88,0,100.55
track_0185,Song 185,Artist A,Classical,81,0.64,0.17,0.17,1,153.52
track_0186,Song 186,Artist D,Electronic,49,0.5,0.84,0.53,0,152.07
track_0187,Song 187,Artist A,Rock,89,0.27,0.44,0.13,0,125.11
track_0188,Song 188,Artist D,Rock,71,0.86,0.26,0.58,1,69.79
track_0189,Song 189,Artist C,Electronic,3,0.62,0.69,0.43,1,71.38
track_0190,Song 190,Artist A,Jazz,21,0.86,0.55,0.13,0,111.19
track_0191,Song 191,Artist B,Jazz,100,0.83,0.5,0.72,0,162.99
track_0192,Song 192,Artist A,Pop,95,0.48,0.34,0.95,0,117.15
track_0193,Song 193,Artist B,Pop,65,0.75,0.31,0.43,1,130.92
track_0194,Song 194,Artist B,Pop,9,0.89,0.67,0.62,0,146.17
track_0195,Song 195,Artist C,Pop,43,0.87,0.95,0.32,1,156.93
track_0196,Song 196,Artist F,Jazz,40,0.38,0.8,0.98,1,172.59
track_0197,Song 197,Artist D,Jazz,73,0.41,0.82,0.7,1,93.08
track_0198,Song 198,Artist B,Classical,0,0.89,0.69,0.35,0,79.56
track_0199,Song 199,Artist A,Jazz,95,0.81,0.52,0.83,0,72.07
track_0200,Song 200,Artist E,Hip-Hop,12,0.37,0.47,0.91,1,110.68
track_0201,Song 201,Artist C,Pop,28,0.56,0.95,0.32,0,137.96
track_0202,Song 202,Artist A,Jazz,67,0.37,0.96,0.14,1,62.2
track_0203,Song 203,Artist A,Classical,43,0.39,0.24,0.29,0,119.03
track_0204,Song 204,Artist B,Hip-Hop,82,0.27,0.38,0.44,0,136.39
track_0205,Song 205,Artist E,Pop,21,0.69,0.57,0.46,0,146.35
track_0206,Song 206,Artist D,Pop,79,0.64,0.48,0.12,1,90.08
track_0207,Song 207,Artist F,Jazz,42,0.78,0.58,0.37,0,137.14
track_0208,Song 208,Artist E,Jazz,21,0.22,0.97,0.92,1,66.19
track_0209,Song 209,Artist C,Rock,6,0.62,0.79,0.2,0,62.75
track_0210,Song 210,Artist E,Rock,88,0.56,0.85,0.31,0,157.53
track_0211,Song 211,Artist A,Pop,53,0.78,0.7,0.85,1,150.28
track_0212,Song 212,Artist D,Classical,83,0.53,0.38,0.81,1,169.63
track_0213,Song 213,Artist F,Hip-Hop,100,0.47,0.41,0.12,1,168.34
track_0214,Song 214,Artist F,Rock,31,0.89,0.22,0.45,0,82.54
track_0215,Song 215,Artist C,Classical,80,0.71,0.55,0.36,1,102.97
track_0216,Song 216,Artist A,Rock,70,0.68,0.38,0.45,1,130.51
track_0217,Song 217,Artist E,Classical,53,0.73,0.73,0.4,1,147.01
track_0218,Song 218,Artist B,Hip-Hop,100,0.66,0.66,0.64,1,133.58
track_0219,Song 219,Artist F,Rock,44,0.77,0.18,0.75,1,175.19
track_0220,Song 220,Artist F,Rock,86,0.67,0.19,0.27,1,111.07
track_0221,Song 221,Artist B,Pop,58,0.59,0.93,0.59,0,70.26
track_0222,Song 222,Artist F,Jazz,43,0.85,0.75,0.61,0,90.26
track_0223,Song 223,Artist C,Rock,35,0.93,0.42,0.84,0,133.11
track_0224,Song 224,Artist E,Pop,79,0.48,0.17,0.72,1,87.8
track_0225,Song 225,Artist B,Jazz,23,0.31,0.78,0.8,0,127.29
track_0226,Song 226,Artist F,Pop,12,0.36,0.58,0.31,1,82.72
track_0227,Song 227,Artist D,Classical,58,0.9,0.96,0.84,1,159.26
track_0228,Song 228,Artist D,Jazz,72,0.76,0.19,0.83,1,172.4
track_0229,Song 229,Artist A,Pop,81,0.77,0.62,0.25,0,111.16
track_0230,Song 230,Artist A,Hip-Hop,31,0.81,0.52,0.94,0,164.39
track_0231,Song 231,Artist A,Rock,32,0.74,0.91,0.88,1,69.44
track_0232,Song 232,Artist D,Pop,61,0.2,0.64,0.18,1,103.98
track_0233,Song 233,Artist E,Classical,17,0.69,0.6,0.59,0,179.04
track_0234,Song 234,Artist F,Pop,31,0.45,0.9,1.0,1,110.68
track_0235,Song 235,Artist E,Pop,95,0.39,0.78,0.81,1,153.52
track_0236,Song 236,Artist C,Electronic,47,0.36,0.91,0.21,0,149.29
track_0237,Song 237,Artist F,Pop,36,0.26,0.35,0.37,0,102.5
track_0238,Song 238,Artist A,Jazz,54,0.7,0.95,0.24,1,179.66
track_0239,Song 239,Artist B,Classical,80,0.88,0.44,0.98,0,69.23
track_0240,Song 240,Artist F,Electronic,93,0.22,0.78,0.31,1,69.07
track_0241,Song 241,Artist A,Classical,36,0.4,0.57,0.97,1,101.45
track_0242,Song 242,Artist F,Jazz,75,0.88,0.1,0.21,1,131.23
track_0243,Song 243,Artist E,Electronic,39,0.31,0.74,0.85,1,175.16
track_0244,Song 244,Artist B,Jazz,96,0.26,0.2,0.31,0,72.15
track_0245,Song 245,Artist B,Rock,95,0.75,0.47,0.25,0,82.12
track_0246,Song 246,Artist F,Jazz,60,0.44,0.68,0.59,0,70.18
track_0247,Song 247,Artist A,Classical,33,0.71,0.22,0.77,1,79.14
track_0248,Song 248,Artist E,Pop,66,0.43,0.16,0.42,0,143.46
track_0249,Song 249,Artist E,Electronic,91,0.7,0.3,0.51,0,133.0
track_0250,Song 250,Artist E,Jazz,5,0.29,0.31,0.54,0,82.63
track_0251,Song 251,Artist E,Electronic,97,0.41,0.29,0.91,0,123.04
track_0252,Song 252,Artist E,Jazz,53,0.6,0.23,0.38,1,89.19
track_0253,Song 253,Artist F,Rock,70,0.36,0.7,0.69,0,131.73
track_0254,Song 254,Artist D,Hip-Hop,39,0.63,0.69,0.76,0,62.01
track_0255,Song 255,Artist C,Hip-Hop,77,0.81,0.36,0.53,1,99.72
track_0256,Song 256,Artist A,Electronic,53,0.58,0.53,0.3,0,162.16
track_0257,Song 257,Artist E,Hip-Hop,57,0.4,0.73,0.89,1,128.2
track_0258,Song 258,Artist B,Classical,35,0.55,0.57,0.2,1,138.89
track_0259,Song 259,Artist E,Hip-Hop,38,0.6,0.82,0.95,0,69.03
track_0260,Song 260,Artist E,Electronic,46,0.71,0.86,0.79,1,97.84
track_0261,Song 261,Artist B,Electronic,79,0.79,0.34,0.68,1,94.29
track_0262,Song 262,Artist C,Pop,83,0.35,0.37,0.19,1,60.73
track_0263,Song 263,Artist B,Hip-Hop,100,0.84,0.66,0.4,0,95.61
track_0264,Song 264,Artist F,Rock,23,0.67,0.33,0.56,0,89.54
track_0265,Song 265,Artist D,Hip-Hop,35,0.47,0.86,0.88,0,106.53
track_0266,Song 266,Artist B,Classical,12,0.36,0.52,0.28,1,72.53
track_0267,Song 267,Artist D,Pop,34,0.86,0.71,0.24,1,81.66
track_0268,Song 268,Artist A,Classical,81,0.43,0.58,0.88,0,122.62
track_0269,Song 269,Artist D,Electronic,69,0.46,0.45,0.42,1,103.75
track_0270,Song 270,Artist F,Pop,98,0.79,0.73,0.14,1,89.06
track_0271,Song 271,Artist D,Electronic,2,0.7,0.8,0.95,1,157.43
track_0272,Song 272,Artist C,Rock,42,0.89,0.75,0.91,0,156.14
track_0273,Song 273,Artist E,Pop,56,0.4,0.12,0.52,0,137.19
track_0274,Song 274,Artist D,Jazz,36,0.31,0.89,0.34,1,68.97
track_0275,Song 275,Artist D,Pop,12,0.42,0.5,0.63,0,68.74
track_0276,Song 276,Artist B,Rock,47,0.87,0.13,0.33,0,95.93
track_0277,Song 277,Artist B,Pop,98,0.3,0.83,0.55,1,135.23
track_0278,Song 278,Artist C,Jazz,86,0.52,0.32,0.32,0,118.0
track_0279,Song 279,Artist A,Rock,90,0.48,0.51,0.49,0,71.83
track_0280,Song 280,Artist C,Pop,76,0.47,0.14,0.9,0,131.99
track_0281,Song 281,Artist A,Pop,55,0.45,0.13,0.67,1,67.84
track_0282,Song 282,Artist C,Pop,65,0.59,0.13,0.24,1,139.76
track_0283,Song 283,Artist B,Hip-Hop,52,0.62,0.25,0.11,1,86.64
track_0284,Song 284,Artist F,Electronic,18,0.36,0.99,0.42,0,177.1
track_0285,Song 285,Artist D,Rock,6,0.55,0.2,0.69,0,91.63
track_0286,Song 286,Artist D,Hip-Hop,88,0.81,0.42,0.24,0,112.33
track_0287,Song 287,Artist F,Jazz,21,0.56,0.7,0.83,0,135.55
track_0288,Song 288,Artist F,Rock,72,0.81,0.13,0.53,1,123.59
track_0289,Song 289,Artist D,Electronic,36,0.87,0.6,0.45,1,112.87
track_0290,Song 290,Artist E,Pop,67,0.29,0.15,0.91,1,82.22
track_0291,Song 291,Artist B,Classical,56,0.42,0.29,0.39,0,133.5
track_0292,Song 292,Artist F,Rock,23,0.28,0.6,0.79,1,88.85
track_0293,Song 293,Artist E,Jazz,91,0.89,0.21,0.28,1,79.68
track_0294,Song 294,Artist D,Hip-Hop,5,0.79,0.46,0.84,0,173.49
track_0295,Song 295,Artist B,Hip-Hop,92,0.89,0.33,0.61,0,93.32
track_0296,Song 296,Artist E,Pop,36,0.68,0.23,0.6,0,163.58
track_0297,Song 297,Artist C,Hip-Hop,32,0.34,0.67,0.76,0,111.84
track_0298,Song 298,Artist F,Jazz,92,0.57,0.59,0.42,1,78.34
track_0299,Song 299,Artist F,Jazz,10,0.54,0.71,0.29,0,79.91
track_0300,Song 300,Artist E,Pop,65,0.87,1.0,0.33,0,144.77
track_0301,Song 301,Artist C,Pop,48,0.26,0.71,0.55,1,97.26
track_0302,Song 302,Artist B,Hip-Hop,82,0.75,0.64,0.17,0,81.81
track_0303,Song 303,Artist C,Jazz,35,0.89,0.58,0.59,0,123.9
track_0304,Song 304,Artist B,Rock,59,0.57,0.52,0.47,1,108.39
track_0305,Song 305,Artist B,Hip-Hop,82,0.94,0.2,0.27,0,110.0
track_0306,Song 306,Artist C,Hip-Hop,60,0.71,0.31,0.96,1,115.79
track_0307,Song 307,Artist E,Pop,7,0.62,0.61,0.93,1,80.45
track_0308,Song 308,Artist D,Pop,85,0.79,0.12,0.49,1,77.59
track_0309,Song 309,Artist C,Electronic,79,0.73,0.82,0.7,1,70.84
track_0310,Song 310,Artist E,Hip-Hop,38,0.65,0.48,0.78,0,65.65
track_0311,Song 311,Artist B,Hip-Hop,13,0.7,0.37,0.87,1,71.93
track_0312,Song 312,Artist E,Jazz,27,0.73,0.24,0.43,0,163.77
track_0313,Song 313,Artist C,Pop,15,0.89,0.88,0.24,1,74.19
track_0314,Song 314,Artist E,Rock,29,0.59,0.73,0.71,0,116.12
track_0315,Song 315,Artist A,Pop,47,0.86,0.36,0.32,1,60.99
track_0316,Song 316,Artist D,Jazz,63,0.34,0.23,0.63,0,77.65
track_0317,Song 317,Artist E,Hip-Hop,77,0.45,0.34,0.45,1,112.28
track_0318,Song 318,Artist D,Pop,76,0.75,0.73,0.4,0,80.54
track_0319,Song 319,Artist C,Jazz,10,0.54,0.84,0.66,0,86.95
track_0320,Song 320,Artist D,Pop,77,0.38,0.71,0.36,1,164.07
track_0321,Song 321,Artist C,Jazz,7,0.51,0.55,0.12,0,118.7
track_0322,Song 322,Artist D,Electronic,44,0.52,0.36,0.94,1,137.54
track_0323,Song 323,Artist B,Pop,38,0.49,0.47,0.72,0,145.62
track_0324,Song 324,Artist E,Hip-Hop,93,0.64,0.77,0.91,1,140.58
track_0325,Song 325,Artist D,Hip-Hop,2,0.36,0.3,0.89,0,163.12
track_0326,Song 326,Artist B,Rock,66,0.39,0.86,0.8,0,66.35
track_0327,Song 327,Artist A,Electronic,48,0.39,0.64,0.55,0,161.57
track_0328,Song 328,Artist B,Classical,54,0.82,0.48,0.31,1,87.91
track_0329,Song 329,Artist F,Classical,10,0.83,0.22,0.38,1,164.3
track_0330,Song 330,Artist A,Rock,33,0.55,0.95,0.71,1,111.11
track_0331,Song 331,Artist E,Electronic,30,0.75,0.36,0.94,1,102.03
track_0332,Song 332,Artist B,Hip-Hop,60,0.28,0.17,0.77,1,82.0
track_0333,Song 333,Artist F,Electronic,11,0.58,1.0,0.2,0,118.53
track_0334,Song 334,Artist E,Rock,2,0.69,0.35,0.91,0,78.25
track_0335,Song 335,Artist B,Electronic,7,0.89,0.59,0.31,1,127.04
track_0336,Song 336,Artist A,Rock,37,0.56,0.39,0.74,1,98.06
track_0337,Song 337,Artist D,Pop,32,0.4,0.96,0.45,1,154.21
track_0338,Song 338,Artist C,Rock,92,0.78,0.44,0.7,0,71.52
track_0339,Song 339,Artist E,Pop,85,0.4,0.54,0.41,0,171.85
track_0340,Song 340,Artist C,Electronic,52,0.59,0.56,0.7,0,82.25
track_0341,Song 341,Artist D,Rock,49,0.49,0.96,0.68,0,148.39
track_0342,Song 342,Artist E,Electronic,77,0.76,0.21,0.61,1,96.36
track_0343,Song 343,Artist B,Jazz,67,0.47,0.51,0.35,0,102.86
track_0344,Song 344,Artist E,Rock,0,0.31,0.46,0.67,0,109.94
track_0345,Song 345,Artist A,Hip-Hop,33,0.75,0.51,0.76,1,89.48
track_0346,Song 346,Artist E,Hip-Hop,88,0.66,0.95,0.87,0,139.26
track_0347,Song 347,Artist C,Rock,75,0.43,0.44,0.29,1,125.99
track_0348,Song 348,Artist D,Electronic,65,0.84,0.7,0.65,0,120.1
track_0349,Song 349,Artist D,Classical,29,0.4,0.69,0.39,0,136.7
track_0350,Song 350,Artist B,Jazz,16,0.48,0.44,0.7,0,170.21
track_0351,Song 351,Artist B,Jazz,48,0.56,0.76,0.59,0,146.44
track_0352,Song 352,Artist F,Classical,5,0.6,0.21,0.81,0,94.32
track_0353,Song 353,Artist C,Electronic,67,0.9,0.14,0.6,0,97.56
track_0354,Song 354,Artist B,Rock,77,0.93,0.95,0.15,1,157.28
track_0355,Song 355,Artist E,Electronic,19,0.94,0.13,0.77,1,161.73
track_0356,Song 356,Artist E,Electronic,32,0.3,0.17,0.26,0,121.1
track_0357,Song 357,Artist A,Jazz,50,0.28,0.84,0.14,0,145.59
track_0358,Song 358,Artist A,Jazz,76,0.91,0.9,0.83,1,129.18
track_0359,Song 359,Artist C,Hip-Hop,31,0.85,0.6,0.47,0,139.71
track_0360,Song 360,Artist E,Pop,3,0.47,0.23,0.13,0,161.29
track_0361,Song 361,Artist D,Rock,8,0.74,0.3,0.11,1,70.15
track_0362,Song 362,Artist A,Classical,83,0.45,0.3,0.51,0,86.47
track_0363,Song 363,Artist E,Pop,45,0.73,0.97,0.64,1,91.09
track_0364,Song 364,Artist A,Pop,53,0.89,0.25,0.4,1,94.18
track_0365,Song 365,Artist C,Classical,37,0.45,0.99,0.49,0,150.58
track_0366,Song 366,Artist A,Rock,1,0.61,0.61,0.38,1,121.24
track_0367,Song 367,Artist B,Pop,67,0.23,0.63,0.85,0,79.27
track_0368,Song 368,Artist F,Electronic,43,0.31,0.53,0.68,1,78.98
track_0369,Song 369,Artist A,Rock,60,0.62,0.88,0.12,1,119.92
track_0370,Song 370,Artist F,Rock,47,0.21,0.28,0.11,1,125.05
track_0371,Song 371,Artist D,Classical,24,0.27,0.35,0.54,0,155.35
track_0372,Song 372,Artist D,Electronic,91,0.38,0.96,0.15,1,89.96
track_0373,Song 373,Artist C,Classical,62,0.49,0.76,0.49,1,111.13
track_0374,Song 374,Artist F,Electronic,14,0.85,0.45,0.62,1,166.03
track_0375,Song 375,Artist F,Electronic,49,0.25,0.67,0.67,1,109.44
track_0376,Song 376,Artist F,Jazz,28,0.23,0.2,0.99,1,137.52
track_0377,Song 377,Artist D,Jazz,1,0.81,0.62,0.12,0,118.89
track_0378,Song 378,Artist A,Hip-Hop,97,0.44,0.57,0.67,1,113.73
track_0379,Song 379,Artist F,Hip-Hop,10,0.63,0.52,0.83,1,169.77
track_0380,Song 380,Artist B,Jazz,99,0.33,0.74,0.66,0,106.3
track_0381,Song 381,Artist A,Hip-Hop,63,0.8,0.22,0.99,1,106.91
track_0382,Song 382,Artist F,Jazz,20,0.51,0.42,0.36,1,169.09
track_0383,Song 383,Artist B,Rock,1,0.83,0.65,0.11,1,138.94
track_0384,Song 384,Artist C,Rock,51,0.23,0.49,0.37,0,162.37
track_0385,Song 385,Artist D,Rock,48,0.36,0.23,0.23,1,69.01
track_0386,Song 386,Artist F,Hip-Hop,61,0.77,0.32,0.99,0,141.81
track_0387,Song 387,Artist E,Hip-Hop,93,0.86,0.66,0.75,1,106.38
track_0388,Song 388,Artist F,Classical,86,0.54,0.66,0.43,0,138.52
track_0389,Song 389,Artist C,Pop,32,0.78,0.45,0.37,1,142.97
track_0390,Song 390,Artist E,Classical,69,0.76,0.65,0.27,1,69.71
track_0391,Song 391,Artist F,Hip-Hop,60,0.94,0.25,0.28,0,160.28
track_0392,Song 392,Artist E,Classical,78,0.62,0.21,0.84,0,85.95
track_0393,Song 393,Artist A,Rock,15,0.42,0.84,0.97,0,103.36
track_0394,Song 394,Artist B,Rock,75,0.6,0.58,0.65,1,159.27
track_0395,Song 395,Artist A,Classical,62,0.86,0.95,0.56,0,79.8
track_0396,Song 396,Artist A,Pop,55,0.3,0.29,0.45,0,121.61
track_0397,Song 397,Artist A,Electronic,4,0.64,0.3,0.23,0,116.65
track_0398,Song 398,Artist F,Jazz,49,0.26,0.78,0.63,1,170.19
track_0399,Song 399,Artist E,Rock,75,0.82,0.24,0.53,0,70.31
track_0400,Song 400,Artist F,Classical,6,0.3,0.63,0.6,0,159.66
track_0401,Song 401,Artist C,Classical,12,0.3,0.92,0.23,0,87.5
track_0402,Song 402,Artist A,Pop,3,0.34,0.74,0.48,1,113.58
track_0403,Song 403,Artist E,Hip-Hop,77,0.44,0.69,0.41,0,98.9
track_0404,Song 404,Artist D,Pop,39,0.41,0.52,0.59,0,102.55
track_0405,Song 405,Artist A,Jazz,50,0.93,0.2,0.88,1,151.69
track_0406,Song 406,Artist D,Electronic,78,0.69,0.98,0.18,1,158.16
track_0407,Song 407,Artist F,Hip-Hop,81,0.23,0.46,0.38,0,161.38
track_0408,Song 408,Artist F,Jazz,51,0.81,0.27,0.44,1,67.97
track_0409,Song 409,Artist C,Classical,94,0.75,0.19,0.22,0,81.56
track_0410,Song 410,Artist B,Electronic,6,0.94,0.29,0.43,1,102.98
track_0411,Song 411,Artist A,Hip-Hop,40,0.24,0.55,0.96,1,118.02
track_0412,Song 412,Artist C,Classical,1,0.83,0.43,0.34,1,171.92
track_0413,Song 413,Artist E,Classical,27,0.75,0.67,0.32,1,93.08
track_0414,Song 414,Artist C,Pop,61,0.26,0.72,0.74,1,71.83
track_0415,Song 415,Artist F,Hip-Hop,33,0.22,0.73,0.93,1,136.85
track_0416,Song 416,Artist D,Electronic,84,0.38,0.74,0.76,1,135.29
track_0417,Song 417,Artist F,Electronic,8,0.89,0.46,0.71,1,156.88
track_0418,Song 418,Artist A,Jazz,83,0.56,0.81,0.85,0,105.64
track_0419,Song 419,Artist C,Hip-Hop,4,0.87,0.61,0.75,0,122.96
track_0420,Song 420,Artist D,Hip-Hop,70,0.57,0.76,0.81,0,132.76
track_0421,Song 421,Artist E,Hip-Hop,26,0.49,0.36,0.21,1,61.88
track_0422,Song 422,Artist F,Pop,27,0.27,0.23,0.89,1,98.49
track_0423,Song 423,Artist D,Classical,69,0.92,0.39,0.34,1,122.26
track_0424,Song 424,Artist F,Electronic,8,0.25,0.11,0.69,0,122.46
track_0425,Song 425,Artist A,Electronic,50,0.89,0.75,0.71,0,125.76
track_0426,Song 426,Artist E,Hip-Hop,77,0.71,0.32,0.85,0,147.96
track_0427,Song 427,Artist B,Pop,29,0.59,0.47,0.88,0,179.81
track_0428,Song 428,Artist F,Electronic,81,0.74,0.72,0.38,1,173.26
track_0429,Song 429,Artist D,Jazz,47,0.55,0.63,0.95,0,172.93
track_0430,Song 430,Artist F,Electronic,68,0.71,0.71,0.51,1,98.96
track_0431,Song 431,Artist E,Jazz,60,0.52,0.54,0.45,0,163.17
track_0432,Song 432,Artist A,Rock,84,0.5,0.89,0.22,0,160.08
track_0433,Song 433,Artist D,Pop,85,0.57,0.65,0.84,1,173.92
track_0434,Song 434,Artist B,Classical,70,0.28,0.96,0.43,1,162.61
track_0435,Song 435,Artist D,Classical,60,0.47,0.54,0.84,0,106.16
track_0436,Song 436,Artist D,Electronic,69,0.75,0.3,0.46,0,163.47
track_0437,Song 437,Artist D,Pop,99,0.54,0.74,0.71,0,69.91
track_0438,Song 438,Artist B,Rock,16,0.9,0.86,0.33,1,128.8
track_0439,Song 439,Artist B,Pop,3,0.35,0.83,0.19,1,124.0
track_0440,Song 440,Artist C,Electronic,68,0.43,0.2,0.73,0,154.73
track_0441,Song 441,Artist D,Rock,84,0.42,0.91,0.44,1,62.06
track_0442,Song 442,Artist C,Hip-Hop,28,0.93,0.6,0.36,0,142.92
track_0443,Song 443,Artist C,Electronic,20,0.91,0.62,0.2,0,168.8
track_0444,Song 444,Artist E,Rock,4,0.35,0.87,0.53,1,137.64
track_0445,Song 445,Artist E,Rock,36,0.63,0.89,0.73,0,140.91
track_0446,Song 446,Artist A,Electronic,95,0.21,0.22,0.22,1,130.72
track_0447,Song 447,Artist C,Jazz,94,0.36,0.62,0.82,1,150.28
track_0448,Song 448,Artist B,Pop,14,0.52,0.77,0.2,1,177.81
track_0449,Song 449,Artist F,Jazz,28,0.82,0.62,0.65,0,117.22
track_0450,Song 450,Artist E,Pop,7,0.56,0.42,0.75,1,62.49
track_0451,Song 451,Artist E,Electronic,82,0.61,0.86,0.93,1,178.99
track_0452,Song 452,Artist D,Jazz,65,0.33,0.93,0.48,0,72.16
track_0453,Song 453,Artist D,Electronic,75,0.76,0.26,0.38,1,118.64
track_0454,Song 454,Artist D,Pop,8,0.66,0.96,0.13,0,154.99
track_0455,Song 455,Artist B,Electronic,52,0.52,0.79,0.34,0,168.16
track_0456,Song 456,Artist F,Classical,15,0.7,0.69,0.74,0,127.55
track_0457,Song 457,Artist D,Rock,22,0.63,0.79,0.25,0,151.4
track_0458,Song 458,Artist B,Classical,81,0.37,0.92,0.12,0,104.85
track_0459,Song 459,Artist C,Hip-Hop,12,0.28,0.62,0.64,0,85.35
track_0460,Song 460,Artist E,Classical,53,0.88,0.66,0.13,1,107.78
track_0461,Song 461,Artist F,Hip-Hop,59,0.58,0.69,0.6,1,171.82
track_0462,Song 462,Artist E,Pop,92,0.44,0.52,0.42,1,71.26
track_0463,Song 463,Artist C,Classical,70,0.53,0.86,0.16,0,65.4
track_0464,Song 464,Artist D,Classical,83,0.72,0.84,0.45,1,169.29
track_0465,Song 465,Artist D,Electronic,21,0.42,0.89,0.29,0,90.81
track_0466,Song 466,Artist F,Electronic,37,0.86,0.2,0.88,1,107.4
track_0467,Song 467,Artist B,Hip-Hop,52,0.72,0.28,0.38,0,125.72
track_0468,Song 468,Artist E,Classical,63,0.34,0.84,0.66,1,152.72
track_0469,Song 469,Artist F,Pop,56,0.62,0.31,0.87,0,157.59
track_0470,Song 470,Artist F,Electronic,40,0.86,0.14,0.37,0,153.6
track_0471,Song 471,Artist E,Jazz,37,0.51,0.66,0.53,1,169.8
track_0472,Song 472,Artist F,Jazz,47,0.93,0.24,0.15,1,109.3
track_0473,Song 473,Artist A,Electronic,37,0.3,0.3,0.17,0,110.11
track_0474,Song 474,Artist A,Pop,11,0.39,0.27,0.6,1,144.52
track_0475,Song 475,Artist D,Hip-Hop,98,0.31,0.23,0.28,1,80.37
track_0476,Song 476,Artist D,Hip-Hop,11,0.31,0.43,0.8,0,131.67
track_0477,Song 477,Artist F,Pop,98,0.45,0.26,0.16,0,72.44
track_0478,Song 478,Artist D,Classical,59,0.24,0.83,0.2,1,143.85
track_0479,Song 479,Artist D,Jazz,36,0.44,0.34,0.19,1,90.4
track_0480,Song 480,Artist C,Pop,93,0.55,0.75,0.65,1,174.93
track_0481,Song 481,Artist F,Rock,7,0.23,0.21,0.85,0,143.92
track_0482,Song 482,Artist A,Hip-Hop,93,0.21,0.94,0.3,0,93.59
track_0483,Song 483,Artist F,Jazz,30,0.43,0.19,0.17,0,174.76
track_0484,Song 484,Artist E,Classical,84,0.83,0.13,0.82,1,170.62
track_0485,Song 485,Artist D,Pop,45,0.43,0.14,0.23,0,107.77
track_0486,Song 486,Artist A,Pop,43,0.22,0.46,0.85,1,96.93
track_0487,Song 487,Artist C,Pop,18,0.49,0.97,0.74,0,144.05
track_0488,Song 488,Artist C,Jazz,79,0.92,0.45,0.64,0,75.32
track_0489,Song 489,Artist E,Jazz,10,0.72,0.39,0.37,1,113.15
track_0490,Song 490,Artist B,Rock,54,0.93,0.94,0.2,0,172.25
track_0491,Song 491,Artist F,Hip-Hop,59,0.43,0.13,0.58,0,99.58
track_0492,Song 492,Artist E,Electronic,13,0.29,0.29,0.93,0,167.54
track_0493,Song 493,Artist A,Electronic,70,0.68,0.96,0.55,1,126.58
track_0494,Song 494,Artist A,Jazz,96,0.41,0.15,0.46,0,157.44
track_0495,Song 495,Artist C,Rock,33,0.55,0.88,0.81,0,68.55
track_0496,Song 496,Artist A,Rock,78,0.3,0.77,0.39,0,171.7
track_0497,Song 497,Artist F,Classical,37,0.68,0.85,0.98,0,153.98
track_0498,Song 498,Artist D,Pop,38,0.35,0.93,0.16,0,88.12
track_0499,Song 499,Artist B,Electronic,25,0.26,0.33,0.19,0,72.69
track_0500,Song 500,Artist E,Hip-Hop,37,0.77,0.85,0.24,0,171.18
track_0501,Song 501,Artist E,Jazz,95,0.73,0.88,0.4,1,163.66
track_0502,Song 502,Artist E,Pop,37,0.59,0.56,0.31,0,71.19
track_0503,Song 503,Artist B,Classical,3,0.53,0.37,0.38,0,111.55
track_0504,Song 504,Artist F,Rock,35,0.29,0.18,0.25,0,144.15
track_0505,Song 505,Artist A,Electronic,26,0.49,0.8,0.29,1,178.77
track_0506,Song 506,Artist E,Jazz,23,0.88,0.91,0.9,1,93.11
track_0507,Song 507,Artist B,Pop,30,0.53,0.75,0.56,0,122.22
track_0508,Song 508,Artist B,Classical,98,0.39,0.66,0.12,0,75.12
track_0509,Song 509,Artist E,Classical,19,0.78,0.72,0.77,1,145.04
track_0510,Song 510,Artist F,Pop,70,0.93,0.17,0.16,1,172.09
track_0511,Song 511,Artist D,Electronic,0,0.86,0.16,0.14,0,147.27
track_0512,Song 512,Artist B,Jazz,79,0.45,0.91,0.66,1,157.57
track_0513,Song 513,Artist F,Rock,25,0.84,0.29,0.4,0,89.61
track_0514,Song 514,Artist F,Pop,95,0.3,0.46,0.1,1,89.73
track_0515,Song 515,Artist F,Hip-Hop,52,0.68,0.76,0.39,1,66.35
track_0516,Song 516,Artist F,Jazz,66,0.44,0.59,0.81,1,175.5
track_0517,Song 517,Artist D,Rock,0,0.83,0.19,0.3,1,126.62
track_0518,Song 518,Artist E,Hip-Hop,10,0.46,0.79,0.84,1,130.68
track_0519,Song 519,Artist A,Pop,20,0.35,0.51,0.24,1,64.72
track_0520,Song 520,Artist D,Electronic,57,0.44,0.8,0.89,1,111.0
track_0521,Song 521,Artist F,Jazz,7,0.88,0.65,0.5,1,127.82
track_0522,Song 522,Artist C,Hip-Hop,39,0.57,0.34,0.23,0,67.32
track_0523,Song 523,Artist D,Hip-Hop,65,0.86,0.19,0.75,0,111.14
track_0524,Song 524,Artist D,Classical,21,0.52,0.92,0.75,0,125.9
track_0525,Song 525,Artist E,Classical,37,0.91,0.65,0.94,1,97.14
track_0526,Song 526,Artist F,Hip-Hop,76,0.78,0.88,0.41,1,139.79
track_0527,Song 527,Artist F,Pop,20,0.77,0.36,0.83,0,86.53
track_0528,Song 528,Artist E,Jazz,53,0.81,0.91,0.18,0,154.82
track_0529,Song 529,Artist B,Hip-Hop,10,0.8,0.22,0.52,0,126.35
track_0530,Song 530,Artist E,Pop,37,0.5,0.48,0.34,0,104.91
track_0531,Song 531,Artist C,Pop,6,0.43,0.71,0.45,0,61.43
track_0532,Song 532,Artist D,Jazz,80,0.38,0.3,0.5,0,122.76
track_0533,Song 533,Artist E,Electronic,86,0.52,0.87,0.71,0,111.33
track_0534,Song 534,Artist E,Pop,57,0.45,0.59,0.53,1,97.31
track_0535,Song 535,Artist C,Rock,17,0.64,0.87,0.58,1,110.18
track_0536,Song 536,Artist E,Pop,76,0.76,0.82,0.21,1,157.44
track_0537,Song 537,Artist A,Hip-Hop,75,0.41,0.21,0.95,0,149.2
track_0538,Song 538,Artist F,Hip-Hop,19,0.44,0.24,0.24,0,103.86
track_0539,Song 539,Artist B,Pop,7,0.4,0.98,0.13,0,140.31
track_0540,Song 540,Artist E,Pop,47,0.53,0.18,0.37,0,70.25
track_0541,Song 541,Artist C,Classical,15,0.22,0.62,0.13,1,147.59
track_0542,Song 542,Artist F,Hip-Hop,50,0.91,0.53,0.9,1,174.67
track_0543,Song 543,Artist B,Classical,56,0.53,0.69,0.57,0,60.43
track_0544,Song 544,Artist D,Hip-Hop,96,0.78,0.72,0.25,0,152.66
track_0545,Song 545,Artist A,Jazz,49,0.36,0.18,0.77,0,63.09
track_0546,Song 546,Artist C,Rock,24,0.7,0.66,0.75,0,128.74
track_0547,Song 547,Artist B,Pop,59,0.5,0.91,0.31,0,124.71
track_0548,Song 548,Artist B,Hip-Hop,26,0.23,0.84,0.83,1,141.58
track_0549,Song 549,Artist F,Rock,33,0.78,0.18,0.5,1,160.81
track_0550,Song 550,Artist B,Hip-Hop,1,0.26,0.91,0.91,1,82.55
track_0551,Song 551,Artist C,Electronic,79,0.64,0.3,0.89,0,170.77
track_0552,Song 552,Artist F,Hip-Hop,43,0.46,0.31,0.77,1,148.34
track_0553,Song 553,Artist C,Classical,34,0.66,0.84,0.5,1,132.07
track_0554,Song 554,Artist E,Pop,30,0.49,0.13,0.63,1,108.0
track_0555,Song 555,Artist F,Electronic,60,0.22,0.72,0.69,1,101.38
track_0556,Song 556,Artist A,Jazz,40,0.44,0.11,0.96,1,152.44
track_0557,Song 557,Artist D,Hip-Hop,25,0.53,0.39,0.25,1,118.22
track_0558,Song 558,Artist C,Electronic,87,0.69,0.5,0.97,0,127.93
track_0559,Song 559,Artist E,Pop,65,0.36,0.56,0.52,0,96.63
track_0560,Song 560,Artist A,Pop,43,0.55,0.43,0.7,0,111.71
track_0561,Song 561,Artist F,Jazz,58,0.51,0.51,0.92,1,68.19
track_0562,Song 562,Artist D,Rock,86,0.49,0.18,0.46,1,93.78
track_0563,Song 563,Artist B,Classical,50,0.2,0.45,0.97,0,63.27
track_0564,Song 564,Artist D,Pop,26,0.25,0.81,0.44,1,102.04
track_0565,Song 565,Artist A,Jazz,70,0.93,1.0,0.83,0,80.82
track_0566,Song 566,Artist F,Jazz,100,0.48,0.52,0.8,1,120.58
track_0567,Song 567,Artist B,Electronic,44,0.41,0.12,0.27,1,64.75
track_0568,Song 568,Artist A,Pop,59,0.52,0.97,0.11,1,166.62
track_0569,Song 569,Artist C,Electronic,59,0.21,0.92,0.56,0,129.38
track_0570,Song 570,Artist D,Classical,17,0.91,0.16,0.78,1,153.79
track_0571,Song 571,Artist A,Pop,78,0.59,0.43,0.14,0,70.79
track_0572,Song 572,Artist D,Electronic,27,0.63,0.44,0.97,1,131.09
track_0573,Song 573,Artist E,Classical,57,0.45,0.65,0.26,1,73.82
track_0574,Song 574,Artist B,Rock,6,0.26,0.2,0.98,0,139.42
track_0575,Song 575,Artist A,Hip-Hop,90,0.74,0.74,0.31,1,111.14
track_0576,Song 576,Artist F,Hip-Hop,65,0.77,1.0,0.55,0,156.91
track_0577,Song 577,Artist C,Pop,35,0.64,0.21,0.91,1,105.61
track_0578,Song 578,Artist A,Rock,30,0.76,0.57,0.82,0,97.34
track_0579,Song 579,Artist F,Jazz,1,0.69,0.45,0.81,0,106.34
track_0580,Song 580,Artist D,Classical,31,0.79,0.86,0.21,0,123.89
track_0581,Song 581,Artist A,Pop,46,0.31,0.92,0.83,0,124.62
track_0582,Song 582,Artist D,Classical,87,0.8,0.8,0.11,0,142.41
track_0583,Song 583,Artist B,Jazz,86,0.56,0.93,0.15,0,106.09
track_0584,Song 584,Artist E,Jazz,67,0.78,0.97,0.88,1,158.48
track_0585,Song 585,Artist E,Rock,12,0.84,0.6,0.95,1,121.73
track_0586,Song 586,Artist C,Hip-Hop,19,0.24,0.96,0.18,1,119.61
track_0587,Song 587,Artist B,Jazz,84,0.47,0.18,0.62,0,104.75
track_0588,Song 588,Artist A,Rock,60,0.75,0.57,0.38,0,87.87
track_0589,Song 589,Artist A,Jazz,15,0.57,0.89,0.59,1,93.33
track_0590,Song 590,Artist F,Hip-Hop,100,0.65,0.12,0.69,0,115.92
track_0591,Song 591,Artist F,Hip-Hop,17,0.72,0.49,0.34,0,93.78
track_0592,Song 592,Artist E,Electronic,40,0.25,0.62,0.2,1,150.3
track_0593,Song 593,Artist E,Hip-Hop,12,0.63,0.8,0.54,0,133.7
track_0594,Song 594,Artist A,Rock,30,0.32,0.43,0.19,1,103.96
track_0595,Song 595,Artist F,Hip-Hop,7,0.47,0.47,0.61,1,154.67
track_0596,Song 596,Artist A,Rock,46,0.77,0.51,0.74,0,103.43
track_0597,Song 597,Artist D,Classical,60,0.89,0.62,0.64,1,97.71
track_0598,Song 598,Artist D,Hip-Hop,29,0.95,0.86,0.31,1,153.94
track_0599,Song 599,Artist D,Hip-Hop,19,0.58,0.28,0.83,1,128.02
track_0600,Song 600,Artist A,Hip-Hop,48,0.81,0.21,0.43,0,74.18
track_0601,Song 601,Artist B,Rock,99,0.72,0.52,0.72,0,124.1
track_0602,Song 602,Artist B,Hip-Hop,3,0.47,0.5,0.11,1,73.21
track_0603,Song 603,Artist E,Hip-Hop,20,0.66,0.25,0.35,0,116.91
track_0604,Song 604,Artist D,Rock,97,0.27,0.85,0.4,0,64.52
track_0605,Song 605,Artist A,Rock,9,0.23,0.33,0.56,1,178.75
track_0606,Song 606,Artist B,Rock,32,0.22,0.47,0.7,1,140.95
track_0607,Song 607,Artist F,Electronic,41,0.27,0.26,0.17,0,166.04
track_0608,Song 608,Artist B,Hip-Hop,82,0.49,0.18,0.54,1,150.33
track_0609,Song 609,Artist E,Pop,32,0.62,0.86,0.55,0,111.68
track_0610,Song 610,Artist F,Pop,86,0.8,0.58,0.66,0,86.51
track_0611,Song 611,Artist E,Electronic,65,0.33,0.38,0.79,1,163.7
track_0612,Song 612,Artist B,Pop,2,0.92,0.92,0.76,1,82.2
track_0613,Song 613,Artist B,Rock,84,0.85,0.73,0.5,1,140.98
track_0614,Song 614,Artist B,Pop,1,0.73,0.56,0.68,1,174.03
track_0615,Song 615,Artist F,Jazz,62,0.54,0.12,0.2,0,169.73
track_0616,Song 616,Artist D,Jazz,70,0.54,0.16,0.13,0,162.54
track_0617,Song 617,Artist D,Hip-Hop,74,0.62,0.75,0.62,0,106.89
track_0618,Song 618,Artist C,Electronic,15,0.46,0.8,0.43,0,96.85
track_0619,Song 619,Artist A,Pop,81,0.37,0.36,0.43,1,137.19
track_0620,Song 620,Artist A,Pop,52,0.78,0.23,0.71,1,73.21
track_0621,Song 621,Artist C,Electronic,69,0.48,0.16,0.4,1,166.45
track_0622,Song 622,Artist B,Hip-Hop,90,0.59,0.24,0.74,0,61.47
track_0623,Song 623,Artist D,Jazz,89,0.82,0.92,0.57,0,136.69
track_0624,Song 624,Artist F,Jazz,72,0.53,0.78,0.78,0,97.05
track_0625,Song 625,Artist E,Rock,57,0.88,0.95,0.78,0,71.57
track_0626,Song 626,Artist E,Classical,86,0.83,0.7,0.57,0,147.63
track_0627,Song 627,Artist A,Hip-Hop,72,0.34,0.87,0.53,1,100.19
track_0628,Song 628,Artist A,Pop,25,0.8,0.35,0.51,0,161.68
track_0629,Song 629,Artist A,Rock,73,0.42,0.96,0.27,1,107.18
track_0630,Song 630,Artist A,Jazz,16,0.76,0.63,0.44,0,86.85
track_0631,Song 631,Artist D,Jazz,51,0.23,0.25,0.57,1,85.76
track_0632,Song 632,Artist A,Jazz,82,0.34,0.52,0.84,0,82.43
track_0633,Song 633,Artist E,Hip-Hop,36,0.52,0.76,0.28,1,162.91
track_0634,Song 634,Artist E,Classical,19,0.91,0.67,0.83,1,87.43
track_0635,Song 635,Artist F,Electronic,44,0.41,0.38,0.83,0,110.24
track_0636,Song 636,Artist F,Rock,22,0.57,0.48,0.25,1,177.47
track_0637,Song 637,Artist E,Hip-Hop,70,0.6,0.23,0.32,0,141.66
track_0638,Song 638,Artist F,Rock,33,0.64,0.23,0.25,1,162.87
track_0639,Song 639,Artist B,Electronic,68,0.85,0.73,0.56,1,105.56
track_0640,Song 640,Artist E,Hip-Hop,9,0.82,0.83,0.42,0,71.5
track_0641,Song 641,Artist F,Classical,45,0.37,0.95,0.45,1,73.57
track_0642,Song 642,Artist A,Rock,76,0.66,0.53,0.19,1,146.47
track_0643,Song 643,Artist C,Pop,49,0.65,0.75,0.48,1,157.43
track_0644,Song 644,Artist F,Rock,33,0.75,0.19,0.42,0,150.08
track_0645,Song 645,Artist C,Classical,10,0.82,0.66,0.83,0,117.65
track_0646,Song 646,Artist A,Pop,56,0.78,0.32,0.44,1,64.06
track_0647,Song 647,Artist B,Hip-Hop,99,0.62,0.7,0.28,0,66.45
track_0648,Song 648,Artist A,Jazz,95,0.9,0.31,0.59,1,143.03
track_0649,Song 649,Artist A,Hip-Hop,67,0.7,0.76,0.25,1,78.78
track_0650,Song 650,Artist C,Electronic,16,0.74,0.35,0.57,1,63.17
track_0651,Song 651,Artist F,Pop,80,0.65,0.87,0.41,0,80.98
track_0652,Song 652,Artist E,Hip-Hop,74,0.63,0.56,0.4,1,139.75
track_0653,Song 653,Artist E,Electronic,18,0.6,0.6,0.42,1,78.0
track_0654,Song 654,Artist C,Pop,27,0.51,0.91,0.26,0,169.0
track_0655,Song 655,Artist B,Electronic,16,0.23,0.42,0.57,0,75.57
track_0656,Song 656,Artist B,Pop,75,0.32,0.68,0.51,0,78.87
track_0657,Song 657,Artist D,Classical,36,0.53,0.8,0.51,0,90.47
track_0658,Song 658,Artist D,Jazz,54,0.25,0.69,0.3,1,106.21
track_0659,Song 659,Artist B,Jazz,47,0.57,0.18,0.59,0,73.88
track_0660,Song 660,Artist C,Hip-Hop,89,0.8,0.28,0.67,0,137.01
track_0661,Song 661,Artist B,Pop,80,0.82,0.99,0.98,1,155.13
track_0662,Song 662,Artist C,Electronic,80,0.47,0.6,0.58,0,175.63
track_0663,Song 663,Artist E,Electronic,92,0.67,1.0,0.52,0,135.81
track_0664,Song 664,Artist B,Hip-Hop,33,0.79,0.34,0.8,1,71.27
track_0665,Song 665,Artist F,Jazz,7,0.21,0.68,0.71,0,105.39
track_0666,Song 666,Artist B,Rock,4,0.34,0.49,0.28,0,103.04
track_0667,Song 667,Artist F,Rock,56,0.33,0.83,0.63,0,71.85
track_0668,Song 668,Artist C,Rock,13,0.33,0.58,0.4,1,159.67
track_0669,Song 669,Artist B,Jazz,26,0.27,0.43,0.64,1,145.0
track_0670,Song 670,Artist B,Electronic,11,0.74,0.56,0.57,0,146.95
track_0671,Song 671,Artist F,Rock,90,0.83,0.42,0.61,0,149.03
track_0672,Song 672,Artist E,Jazz,37,0.45,0.95,0.98,1,60.62
track_0673,Song 673,Artist F,Electronic,2,0.57,0.38,0.42,1,137.4
track_0674,Song 674,Artist C,Rock,34,0.6,0.47,0.82,1,113.25
track_0675,Song 675,Artist A,Electronic,48,0.54,0.26,0.12,1,142.29
track_0676,Song 676,Artist D,Pop,56,0.72,0.76,0.51,1,95.98
track_0677,Song 677,Artist A,Rock,84,0.77,0.99,0.55,0,147.2
track_0678,Song 678,Artist D,Jazz,26,0.54,0.48,0.4,0,61.95
track_0679,Song 679,Artist A,Electronic,29,0.88,0.99,0.78,1,161.35
track_0680,Song 680,Artist C,Electronic,50,0.58,0.3,0.22,1,66.43
track_0681,Song 681,Artist C,Pop,47,0.47,0.21,0.81,1,147.05
track_0682,Song 682,Artist A,Classical,80,0.83,0.25,0.8,1,68.04
track_0683,Song 683,Artist B,Rock,32,0.79,0.41,0.65,1,68.58
track_0684,Song 684,Artist A,Hip-Hop,71,0.48,0.33,0.63,0,151.41
track_0685,Song 685,Artist E,Classical,31,0.36,0.32,0.69,1,133.52
track_0686,Song 686,Artist A,Hip-Hop,88,0.7,0.55,0.83,1,93.6
track_0687,Song 687,Artist F,Pop,82,0.74,0.71,0.67,1,153.88
track_0688,Song 688,Artist F,Classical,60,0.53,0.69,0.88,1,137.03
track_0689,Song 689,Artist F,Electronic,67,0.54,0.96,0.66,1,142.41
track_0690,Song 690,Artist F,Jazz,6,0.88,0.9,0.82,0,118.79
track_0691,Song 691,Artist B,Classical,71,0.52,0.76,0.34,0,68.72
track_0692,Song 692,Artist E,Hip-Hop,14,0.89,1.0,0.96,1,68.56
track_0693,Song 693,Artist B,Jazz,15,0.4,0.11,0.59,1,110.83
track_0694,Song 694,Artist F,Classical,30,0.44,0.42,0.31,0,160.24
track_0695,Song 695,Artist B,Pop,44,0.73,0.45,0.44,1,87.11
track_0696,Song 696,Artist C,Classical,88,0.52,0.43,0.3,1,116.58
track_0697,Song 697,Artist E,Pop,86,0.64,0.89,0.63,1,104.0
track_0698,Song 698,Artist F,Rock,12,0.57,0.77,0.58,0,69.81
track_0699,Song 699,Artist F,Hip-Hop,5,0.28,0.23,0.3,0,136.76
track_0700,Song 700,Artist C,Classical,43,0.92,0.21,0.23,0,153.26
track_0701,Song 701,Artist B,Electronic,47,0.59,0.79,0.74,0,88.12
track_0702,Song 702,Artist D,Jazz,84,0.33,0.83,0.59,1,79.58
track_0703,Song 703,Artist E,Electronic,5,0.42,0.35,0.3,1,120.0
track_0704,Song 704,Artist B,Classical,0,0.85,0.85,0.75,0,68.86
track_0705,Song 705,Artist A,Pop,11,0.69,0.11,0.92,1,98.6
track_0706,Song 706,Artist E,Hip-Hop,81,0.75,0.65,0.33,0,61.46
track_0707,Song 707,Artist E,Rock,13,0.82,0.28,0.67,1,162.77
track_0708,Song 708,Artist A,Classical,29,0.2,0.35,0.24,0,147.74
track_0709,Song 709,Artist B,Hip-Hop,41,0.39,0.58,0.32,1,136.3
track_0710,Song 710,Artist F,Pop,62,0.55,0.23,0.27,0,169.61
track_0711,Song 711,Artist B,Rock,60,0.49,0.52,0.89,1,135.86
track_0712,Song 712,Artist C,Pop,30,0.38,0.27,0.71,1,145.82
track_0713,Song 713,Artist E,Electronic,25,0.8,0.37,0.58,0,139.25
track_0714,Song 714,Artist F,Pop,19,0.4,0.67,0.42,0,85.83
track_0715,Song 715,Artist D,Classical,98,0.81,0.35,0.23,0,90.59
track_0716,Song 716,Artist E,Hip-Hop,8,0.43,0.82,0.82,0,153.27
track_0717,Song 717,Artist A,Electronic,56,0.45,0.2,0.95,1,107.74
track_0718,Song 718,Artist C,Rock,54,0.38,0.24,0.65,1,75.92
track_0719,Song 719,Artist B,Rock,35,0.2,0.12,0.59,0,104.77
track_0720,Song 720,Artist D,Pop,29,0.45,0.36,0.71,0,120.71
track_0721,Song 721,Artist C,Jazz,25,0.89,0.71,0.18,1,120.31
track_0722,Song 722,Artist F,Jazz,38,0.79,0.43,0.76,1,167.09
track_0723,Song 723,Artist B,Jazz,62,0.41,0.9,0.86,1,127.24
track_0724,Song 724,Artist E,Hip-Hop,34,0.86,0.87,0.34,0,158.76
track_0725,Song 725,Artist C,Electronic,52,0.94,0.61,0.35,0,75.5
track_0726,Song 726,Artist B,Rock,53,0.64,0.26,0.29,1,66.81
track_0727,Song 727,Artist D,Rock,47,0.74,0.55,0.67,0,87.11
track_0728,Song 728,Artist F,Jazz,18,0.78,0.84,0.95,0,125.58
track_0729,Song 729,Artist A,Jazz,12,0.93,0.93,0.43,1,114.56
track_0730,Song 730,Artist D,Pop,32,0.4,0.9,0.16,0,63.98
track_0731,Song 731,Artist D,Classical,85,0.7,0.35,0.12,1,129.85
track_0732,Song 732,Artist B,Rock,69,0.83,0.13,0.83,1,172.51
track_0733,Song 733,Artist C,Hip-Hop,23,0.33,0.59,0.3,0,147.28
track_0734,Song 734,Artist D,Pop,71,0.42,0.24,0.48,1,125.39
track_0735,Song 735,Artist C,Pop,31,0.68,0.52,0.25,0,106.37
track_0736,Song 736,Artist D,Rock,13,0.93,0.52,0.14,0,81.48
track_0737,Song 737,Artist A,Classical,7,0.23,0.85,0.89,1,85.6
track_0738,Song 738,Artist B,Electronic,5,0.29,0.78,0.41,1,65.74
track_0739,Song 739,Artist E,Classical,41,0.21,0.72,0.58,1,147.72
track_0740,Song 740,Artist D,Rock,7,0.81,0.53,0.56,1,126.5
track_0741,Song 741,Artist D,Jazz,54,0.76,0.14,0.67,1,86.24
track_0742,Song 742,Artist D,Classical,17,0.26,0.69,0.91,0,71.4
track_0743,Song 743,Artist E,Rock,11,0.84,0.42,0.87,1,173.39
track_0744,Song 744,Artist F,Classical,17,0.57,0.22,0.71,1,120.72
track_0745,Song 745,Artist F,Jazz,45,0.75,0.42,0.57,1,119.28
track_0746,Song 746,Artist A,Jazz,8,0.36,0.57,0.29,1,142.05
track_0747,Song 747,Artist C,Pop,38,0.28,0.56,0.98,1,97.94
track_0748,Song 748,Artist B,Jazz,58,0.41,0.12,0.33,1,93.92
track_0749,Song 749,Artist C,Pop,37,0.8,0.62,0.99,0,82.7
track_0750,Song 750,Artist F,Jazz,54,0.8,0.12,0.38,0,133.04
track_0751,Song 751,Artist D,Hip-Hop,1,0.71,0.11,0.15,0,60.82
track_0752,Song 752,Artist C,Rock,7,0.88,0.18,0.6,0,116.46
track_0753,Song 753,Artist F,Hip-Hop,78,0.44,0.76,0.61,0,85.36
track_0754,Song 754,Artist D,Rock,73,0.82,0.85,0.7,0,125.86
track_0755,Song 755,Artist C,Pop,1,0.89,0.76,0.67,0,177.02
track_0756,Song 756,Artist E,Electronic,77,0.91,0.61,0.86,1,88.96
track_0757,Song 757,Artist C,Jazz,80,0.36,0.2,0.1,1,144.17
track_0758,Song 758,Artist F,Electronic,92,0.89,0.72,0.14,0,136.43
track_0759,Song 759,Artist D,Rock,79,0.75,0.98,0.92,0,177.17
track_0760,Song 760,Artist F,Pop,66,0.78,0.9,0.38,0,78.68
track_0761,Song 761,Artist B,Classical,18,0.95,0.61,0.9,0,176.67
track_0762,Song 762,Artist B,Jazz,21,0.64,0.67,0.14,0,76.27
track_0763,Song 763,Artist D,Classical,99,0.29,0.61,0.11,1,132.03
track_0764,Song 764,Artist E,Hip-Hop,42,0.82,0.77,0.53,0,88.34
track_0765,Song 765,Artist D,Pop,47,0.27,0.17,0.77,1,64.29
track_0766,Song 766,Artist B,Classical,71,0.42,0.91,0.61,1,147.43
track_0767,Song 767,Artist E,Electronic,65,0.2,0.37,0.65,0,169.74
track_0768,Song 768,Artist F,Electronic,5,0.26,0.9,0.62,1,82.47
track_0769,Song 769,Artist F,Rock,26,0.66,0.13,0.95,0,147.18
track_0770,Song 770,Artist F,Pop,100,0.32,0.58,0.93,1,87.69
track_0771,Song 771,Artist E,Classical,48,0.48,0.61,0.12,0,105.97
track_0772,Song 772,Artist D,Rock,54,0.86,0.96,0.83,1,97.19
track_0773,Song 773,Artist D,Rock,64,0.32,0.1,0.89,0,69.86
track_0774,Song 774,Artist D,Rock,73,0.85,0.46,0.67,0,132.35
track_0775,Song 775,Artist F,Classical,51,0.48,0.36,0.48,1,99.31
track_0776,Song 776,Artist F,Hip-Hop,99,0.82,0.85,0.52,1,111.16
track_0777,Song 777,Artist F,Hip-Hop,76,0.23,0.7,0.41,0,178.38
track_0778,Song 778,Artist C,Hip-Hop,53,0.32,0.71,0.57,0,91.3
track_0779,Song 779,Artist D,Rock,94,0.4,0.25,0.13,1,61.02
track_0780,Song 780,Artist D,Hip-Hop,30,0.51,0.75,0.53,0,82.46
track_0781,Song 781,Artist E,Classical,45,0.89,0.81,0.61,1,176.9
track_0782,Song 782,Artist B,Electronic,75,0.95,0.58,0.66,1,145.63
track_0783,Song 783,Artist B,Pop,92,0.42,0.16,0.38,1,121.47
track_0784,Song 784,Artist C,Electronic,82,0.23,0.38,0.95,1,60.57
track_0785,Song 785,Artist F,Classical,8,0.32,0.91,0.33,0,87.15
track_0786,Song 786,Artist D,Hip-Hop,98,0.24,0.38,0.86,1,140.04
track_0787,Song 787,Artist C,Hip-Hop,48,0.53,0.11,0.4,1,160.08
track_0788,Song 788,Artist C,Classical,39,0.59,0.66,0.95,0,150.29
track_0789,Song 789,Artist D,Rock,9,0.77,0.2,0.9,0,112.54
track_0790,Song 790,Artist A,Rock,57,0.74,0.89,0.94,1,128.45
track_0791,Song 791,Artist B,Hip-Hop,7,0.66,0.15,0.9,0,178.53
track_0792,Song 792,Artist B,Jazz,59,0.89,0.12,0.59,1,90.49
track_0793,Song 793,Artist C,Pop,4,0.5,0.12,0.96,1,127.37
track_0794,Song 794,Artist D,Rock,37,0.6,0.4,0.92,0,69.57
track_0795,Song 795,Artist E,Pop,27,0.54,0.46,0.42,1,93.03
track_0796,Song 796,Artist D,Hip-Hop,34,0.33,0.74,0.71,0,153.72
track_0797,Song 797,Artist B,Jazz,32,0.55,0.71,0.72,1,115.77
track_0798,Song 798,Artist E,Pop,52,0.28,0.37,0.6,0,109.95
track_0799,Song 799,Artist D,Pop,95,0.76,0.93,0.88,0,66.29
track_0800,Song 800,Artist E,Pop,81,0.69,0.23,0.58,0,165.04
track_0801,Song 801,Artist F,Hip-Hop,54,0.63,0.42,0.44,0,105.86
track_0802,Song 802,Artist C,Hip-Hop,18,0.32,0.41,1.0,1,66.91
track_0803,Song 803,Artist B,Rock,48,0.93,0.62,0.94,1,156.68
track_0804,Song 804,Artist B,Jazz,78,0.92,0.44,0.11,0,67.57
track_0805,Song 805,Artist D,Electronic,66,0.48,0.56,0.15,0,146.64
track_0806,Song 806,Artist F,Pop,37,0.47,0.36,0.63,1,105.5
track_0807,Song 807,Artist E,Jazz,89,0.39,0.27,0.67,0,71.58
track_0808,Song 808,Artist F,Classical,43,0.54,0.72,0.96,1,171.88
track_0809,Song 809,Artist B,Pop,62,0.26,0.18,0.98,0,142.19
track_0810,Song 810,Artist F,Classical,47,0.22,0.77,0.81,0,171.65
track_0811,Song 811,Artist A,Rock,67,0.58,1.0,0.46,0,176.64
track_0812,Song 812,Artist E,Hip-Hop,20,0.23,0.16,0.94,1,62.77
track_0813,Song 813,Artist E,Pop,70,0.35,0.74,0.61,1,148.79
track_0814,Song 814,Artist B,Jazz,4,0.94,0.13,0.33,1,139.8
track_0815,Song 815,Artist E,Pop,98,0.65,0.56,0.15,1,115.21
track_0816,Song 816,Artist E,Pop,8,0.84,0.37,0.82,0,176.22
track_0817,Song 817,Artist F,Classical,33,0.66,0.79,0.81,0,177.3
track_0818,Song 818,Artist F,Pop,10,0.87,0.19,0.67,1,149.62
track_0819,Song 819,Artist A,Jazz,8,0.54,0.67,0.81,1,81.05
track_0820,Song 820,Artist D,Electronic,47,0.6,0.78,0.74,0,172.2
track_0821,Song 821,Artist B,Rock,27,0.62,0.25,0.11,1,80.07
track_0822,Song 822,Artist F,Electronic,67,0.56,0.65,0.77,1,176.07
track_0823,Song 823,Artist F,Hip-Hop,36,0.27,0.79,0.17,0,156.96
track_0824,Song 824,Artist C,Hip-Hop,29,0.94,0.55,0.28,1,120.28
track_0825,Song 825,Artist F,Pop,26,0.62,0.69,0.27,1,82.5
track_0826,Song 826,Artist F,Pop,45,0.56,0.5,0.41,0,76.56
track_0827,Song 827,Artist D,Hip-Hop,95,0.34,0.95,0.34,0,130.76
track_0828,Song 828,Artist C,Electronic,70,0.63,0.68,0.29,0,164.78
track_0829,Song 829,Artist E,Jazz,3,0.68,0.27,0.72,0,145.63
track_0830,Song 830,Artist C,Electronic,84,0.7,0.46,0.65,0,73.91
track_0831,Song 831,Artist C,Electronic,68,0.9,0.68,0.1,1,161.87
track_0832,Song 832,Artist C,Rock,74,0.37,0.33,0.97,0,118.1
track_0833,Song 833,Artist A,Rock,91,0.62,0.67,0.79,0,140.16
track_0834,Song 834,Artist D,Rock,67,0.36,0.88,0.99,0,169.95
track_0835,Song 835,Artist F,Classical,18,0.63,0.69,0.65,1,149.92
track_0836,Song 836,Artist E,Classical,0,0.82,0.85,0.65,1,173.13
track_0837,Song 837,Artist E,Pop,60,0.63,0.11,0.98,1,139.05
track_0838,Song 838,Artist E,Electronic,56,0.3,0.84,0.26,0,94.98
track_0839,Song 839,Artist D,Pop,51,0.51,0.95,0.31,1,137.84
track_0840,Song 840,Artist C,Rock,65,0.21,0.55,0.71,1,167.11
track_0841,Song 841,Artist E,Rock,93,0.23,0.84,0.41,1,121.94
track_0842,Song 842,Artist F,Pop,40,0.87,0.95,0.13,0,162.73
track_0843,Song 843,Artist D,Classical,79,0.38,0.73,0.86,0,77.62
track_0844,Song 844,Artist E,Hip-Hop,8,0.92,0.44,0.73,1,173.05
track_0845,Song 845,Artist E,Classical,79,0.48,0.46,0.79,1,169.43
track_0846,Song 846,Artist E,Hip-Hop,66,0.87,0.89,0.12,0,60.82
track_0847,Song 847,Artist E,Hip-Hop,40,0.55,0.58,0.47,1,130.37
track_0848,Song 848,Artist C,Hip-Hop,57,0.81,0.31,0.23,0,74.48
track_0849,Song 849,Artist F,Electronic,83,0.57,0.96,0.49,0,119.28
track_0850,Song 850,Artist F,Jazz,71,0.79,0.84,0.35,1,126.23
track_0851,Song 851,Artist F,Rock,39,0.69,0.49,0.32,0,168.06
track_0852,Song 852,Artist D,Electronic,12,0.73,0.56,0.18,1,170.48
track_0853,Song 853,Artist E,Pop,80,0.76,0.75,0.65,1,72.76
track_0854,Song 854,Artist C,Classical,6,0.59,0.53,0.76,1,172.59
track_0855,Song 855,Artist F,Pop,0,0.64,0.25,0.51,1,105.93
track_0856,Song 856,Artist B,Electronic,6,0.81,0.71,0.23,1,99.69
track_0857,Song 857,Artist A,Rock,82,0.79,0.76,0.16,0,150.62
track_0858,Song 858,Artist C,Jazz,37,0.88,0.25,0.27,0,148.38
track_0859,Song 859,Artist E,Jazz,26,0.27,1.0,0.5,0,88.9
track_0860,Song 860,Artist D,Classical,45,0.8,0.19,0.84,1,150.38
track_0861,Song 861,Artist E,Electronic,28,0.61,0.6,0.77,1,66.65
track_0862,Song 862,Artist B,Electronic,52,0.8,0.48,0.18,0,178.8
track_0863,Song 863,Artist B,Electronic,66,0.77,0.9,0.56,1,129.51
track_0864,Song 864,Artist B,Jazz,14,0.68,0.68,0.65,1,65.17
track_0865,Song 865,Artist F,Hip-Hop,19,0.76,0.67,0.25,1,70.05
track_0866,Song 866,Artist D,Hip-Hop,53,0.82,0.66,0.87,1,174.11
track_0867,Song 867,Artist F,Classical,5,0.78,0.56,0.77,0,124.21
track_0868,Song 868,Artist F,Hip-Hop,36,0.69,0.99,0.79,1,77.41
track_0869,Song 869,Artist B,Jazz,88,0.86,0.96,0.49,0,132.28
track_0870,Song 870,Artist C,Electronic,69,0.39,0.83,0.86,0,141.16
track_0871,Song 871,Artist C,Rock,60,0.77,0.45,0.21,0,79.15
track_0872,Song 872,Artist F,Rock,9,0.54,0.62,0.75,1,109.77
track_0873,Song 873,Artist C,Jazz,67,0.47,0.72,0.97,1,78.59
track_0874,Song 874,Artist B,Jazz,26,0.39,0.41,0.38,1,108.26
track_0875,Song 875,Artist A,Electronic,98,0.3,0.16,0.57,1,132.54
track_0876,Song 876,Artist B,Rock,7,0.43,0.99,0.22,0,125.26
track_0877,Song 877,Artist E,Hip-Hop,25,0.43,0.23,0.99,0,62.23
track_0878,Song 878,Artist A,Jazz,81,0.79,0.79,0.2,1,103.86
track_0879,Song 879,Artist E,Jazz,67,0.45,0.64,0.11,1,87.49
track_0880,Song 880,Artist A,Rock,37,0.48,0.67,0.9,0,88.1
track_0881,Song 881,Artist D,Electronic,33,0.95,0.54,0.11,0,78.47
track_0882,Song 882,Artist D,Rock,90,0.35,0.5,0.97,1,119.38
track_0883,Song 883,Artist D,Pop,55,0.92,0.46,0.89,0,140.08
track_0884,Song 884,Artist E,Jazz,74,0.82,0.52,0.26,1,133.02
track_0885,Song 885,Artist A,Rock,11,0.23,0.81,0.22,1,60.22
track_0886,Song 886,Artist E,Rock,52,0.92,0.15,0.87,0,172.16
track_0887,Song 887,Artist C,Rock,17,0.46,0.7,0.34,1,169.75
track_0888,Song 888,Artist B,Jazz,7,0.62,0.41,0.26,0,77.12
track_0889,Song 889,Artist E,Classical,83,0.6,0.77,0.23,0,107.24
track_0890,Song 890,Artist B,Pop,55,0.49,0.11,0.69,0,121.24
track_0891,Song 891,Artist C,Jazz,65,0.45,0.2,0.11,0,97.33
track_0892,Song 892,Artist C,Classical,92,0.38,0.43,0.75,0,115.92
track_0893,Song 893,Artist F,Pop,42,0.82,0.34,0.74,1,170.08
track_0894,Song 894,Artist F,Classical,58,0.55,0.16,0.81,1,165.82
track_0895,Song 895,Artist E,Jazz,22,0.29,0.84,0.88,0,121.01
track_0896,Song 896,Artist A,Pop,19,0.76,0.49,0.6,1,114.56
track_0897,Song 897,Artist D,Pop,67,0.92,0.57,0.29,0,111.52
track_0898,Song 898,Artist B,Pop,35,0.51,0.8,0.12,0,77.53
track_0899,Song 899,Artist F,Pop,11,0.22,0.72,0.94,0,154.41
track_0900,Song 900,Artist A,Classical,25,0.55,0.46,0.69,0,117.79
track_0901,Song 901,Artist E,Electronic,93,0.79,0.59,0.85,0,109.55
track_0902,Song 902,Artist D,Electronic,67,0.31,0.82,0.47,1,76.11
track_0903,Song 903,Artist A,Pop,54,0.9,0.57,0.67,0,110.09
track_0904,Song 904,Artist E,Hip-Hop,77,0.64,0.98,0.79,1,139.84
track_0905,Song 905,Artist E,Hip-Hop,94,0.71,0.96,0.96,1,99.4
track_0906,Song 906,Artist F,Electronic,91,0.68,0.16,0.87,0,174.16
track_0907,Song 907,Artist D,Electronic,89,0.56,0.98,0.21,1,156.18
track_0908,Song 908,Artist D,Pop,69,0.95,0.23,0.81,1,62.54
track_0909,Song 909,Artist F,Rock,36,0.78,0.32,0.69,0,61.36
track_0910,Song 910,Artist D,Electronic,10,0.93,0.99,0.7,0,75.72
track_0911,Song 911,Artist B,Hip-Hop,100,0.47,0.51,0.47,1,63.77
track_0912,Song 912,Artist C,Rock,62,0.82,0.35,0.88,0,165.25
track_0913,Song 913,Artist F,Jazz,38,0.55,0.75,0.86,1,123.26
track_0914,Song 914,Artist F,Hip-Hop,55,0.7,0.44,0.39,0,110.74
track_0915,Song 915,Artist F,Electronic,2,0.86,0.86,0.23,0,170.15
track_0916,Song 916,Artist A,Electronic,19,0.39,0.3,0.78,0,133.44
track_0917,Song 917,Artist B,Pop,49,0.4,0.76,0.29,1,113.32
track_0918,Song 918,Artist F,Classical,50,0.41,0.25,0.96,0,176.37
track_0919,Song 919,Artist E,Jazz,4,0.61,0.41,0.92,0,84.46
track_0920,Song 920,Artist A,Hip-Hop,51,0.63,0.67,0.41,0,107.43
track_0921,Song 921,Artist F,Electronic,19,0.35,0.22,0.94,0,148.67
track_0922,Song 922,Artist D,Pop,35,0.3,0.32,0.85,0,70.73
track_0923,Song 923,Artist C,Rock,98,0.35,0.53,0.67,0,102.08
track_0924,Song 924,Artist B,Hip-Hop,56,0.77,0.98,0.38,0,138.42
track_0925,Song 925,Artist C,Pop,69,0.39,0.93,0.34,0,159.63
track_0926,Song 926,Artist F,Pop,45,0.35,0.93,0.16,1,62.34
track_0927,Song 927,Artist E,Classical,66,0.87,0.56,0.71,0,87.86
track_0928,Song 928,Artist C,Pop,65,0.58,0.91,0.13,0,102.25
track_0929,Song 929,Artist C,Hip-Hop,45,0.91,0.89,0.95,1,118.34
track_0930,Song 930,Artist E,Rock,73,0.53,0.59,0.52,0,95.06
track_0931,Song 931,Artist A,Rock,81,0.82,0.29,0.44,1,65.65
track_0932,Song 932,Artist B,Hip-Hop,59,0.82,0.16,0.83,0,116.07
track_0933,Song 933,Artist D,Rock,17,0.61,0.61,0.61,1,75.1
track_0934,Song 934,Artist D,Jazz,6,0.44,0.71,0.82,1,118.94
track_0935,Song 935,Artist E,Rock,45,0.67,0.17,0.66,1,71.73
track_0936,Song 936,Artist C,Hip-Hop,21,0.46,0.37,0.7,0,118.37
track_0937,Song 937,Artist B,Electronic,92,0.81,0.39,0.66,0,173.52
track_0938,Song 938,Artist E,Hip-Hop,33,0.77,0.94,0.72,1,92.45
track_0939,Song 939,Artist D,Jazz,40,0.78,0.89,0.2,0,70.55
track_0940,Song 940,Artist F,Rock,93,0.85,0.3,0.57,0,130.02
track_0941,Song 941,Artist A,Pop,80,0.65,0.43,0.34,1,177.61
track_0942,Song 942,Artist F,Pop,51,0.31,0.57,0.78,0,126.93
track_0943,Song 943,Artist D,Classical,38,0.28,0.17,0.68,0,169.47
track_0944,Song 944,Artist B,Classical,10,0.37,0.79,0.23,0,110.61
track_0945,Song 945,Artist E,Classical,65,0.72,0.52,0.68,1,81.67
track_0946,Song 946,Artist A,Classical,51,0.67,0.19,0.5,0,142.74
track_0947,Song 947,Artist C,Hip-Hop,80,0.62,0.94,0.99,1,99.34
track_0948,Song 948,Artist E,Classical,49,0.31,0.74,0.27,0,143.4
track_0949,Song 949,Artist A,Hip-Hop,18,0.28,0.58,0.19,1,116.96
track_0950,Song 950,Artist E,Pop,79,0.29,0.9,0.3,0,150.09
track_0951,Song 951,Artist F,Classical,38,0.67,0.58,0.26,1,158.19
track_0952,Song 952,Artist D,Classical,61,0.9,0.32,0.26,0,161.19
track_0953,Song 953,Artist D,Rock,66,0.57,0.48,0.94,1,149.34
track_0954,Song 954,Artist C,Hip-Hop,93,0.6,0.72,0.71,1,155.77
track_0955,Song 955,Artist F,Jazz,21,0.58,0.27,0.59,0,148.15
track_0956,Song 956,Artist C,Pop,54,0.92,0.64,0.13,0,118.79
track_0957,Song 957,Artist F,Classical,97,0.74,0.52,0.79,1,100.78
track_0958,Song 958,Artist B,Hip-Hop,28,0.22,0.58,0.3,1,72.48
track_0959,Song 959,Artist F,Rock,54,0.92,0.12,0.89,0,166.65
track_0960,Song 960,Artist A,Pop,64,0.77,0.57,0.25,1,169.43
track_0961,Song 961,Artist E,Pop,47,0.28,0.77,0.99,1,165.64
track_0962,Song 962,Artist E,Rock,18,0.5,0.86,0.49,1,173.9
track_0963,Song 963,Artist A,Jazz,87,0.78,0.1,0.3,0,89.21
track_0964,Song 964,Artist B,Classical,9,0.95,0.65,0.8,1,94.17
track_0965,Song 965,Artist B,Rock,4,0.29,0.81,0.35,1,152.92
track_0966,Song 966,Artist F,Pop,86,0.78,0.12,0.99,1,172.98
track_0967,Song 967,Artist E,Rock,54,0.27,0.63,0.17,1,159.47
track_0968,Song 968,Artist F,Hip-Hop,82,0.84,0.15,0.38,0,164.63
track_0969,Song 969,Artist C,Pop,73,0.71,0.6,0.68,1,94.9
track_0970,Song 970,Artist B,Rock,5,0.85,0.18,0.84,0,166.54
track_0971,Song 971,Artist D,Classical,98,0.25,0.49,0.19,0,126.25
track_0972,Song 972,Artist A,Rock,71,0.82,0.39,0.27,1,98.37
track_0973,Song 973,Artist A,Rock,15,0.6,0.64,0.12,0,91.81
track_0974,Song 974,Artist C,Classical,59,0.81,0.6,0.95,1,150.77
track_0975,Song 975,Artist A,Classical,6,0.88,0.18,0.52,0,166.89
track_0976,Song 976,Artist D,Pop,61,0.37,0.59,0.19,1,87.68
track_0977,Song 977,Artist E,Classical,11,0.26,0.95,0.18,1,66.09
track_0978,Song 978,Artist C,Electronic,56,0.22,0.97,0.99,0,170.13
track_0979,Song 979,Artist A,Rock,72,0.58,0.34,0.24,0,110.42
track_0980,Song 980,Artist E,Hip-Hop,7,0.78,0.55,0.49,1,160.51
track_0981,Song 981,Artist E,Rock,36,0.6,0.85,0.49,1,87.58
track_0982,Song 982,Artist C,Jazz,75,0.95,0.31,0.54,0,72.81
track_0983,Song 983,Artist B,Pop,95,0.63,0.73,0.5,1,168.94
track_0984,Song 984,Artist D,Hip-Hop,2,0.44,0.98,0.32,1,144.08
track_0985,Song 985,Artist F,Jazz,80,0.66,0.32,0.45,1,64.02
track_0986,Song 986,Artist F,Classical,42,0.25,0.53,0.67,0,94.82
track_0987,Song 987,Artist A,Jazz,11,0.92,0.27,0.26,0,179.26
track_0988,Song 988,Artist C,Classical,87,0.79,0.9,0.77,0,161.76
track_0989,Song 989,Artist C,Classical,93,0.5,0.87,0.66,0,164.59
track_0990,Song 990,Artist F,Rock,65,0.76,0.13,0.76,1,64.85
track_0991,Song 991,Artist C,Electronic,50,0.33,0.34,0.53,0,142.83
track_0992,Song 992,Artist C,Electronic,60,0.4,0.53,0.97,0,101.18
track_0993,Song 993,Artist F,Rock,43,0.77,0.45,0.41,0,175.83
track_0994,Song 994,Artist C,Pop,92,0.91,0.92,0.24,0,142.89
track_0995,Song 995,Artist E,Electronic,24,0.68,0.31,0.81,0,137.38
track_0996,Song 996,Artist C,Pop,5,0.73,0.18,0.59,0,93.21
track_0997,Song 997,Artist B,Electronic,83,0.31,0.44,0.36,0,142.51
track_0998,Song 998,Artist B,Pop,47,0.69,0.71,0.6,0,156.34
track_0999,Song 999,Artist A,Jazz,84,0.8,0.96,0.15,1,74.87
track_1000,Song 1000,Artist C,Classical,56,0.74,0.2,0.22,1,98.91
